Model,Device,num_threads,runtime,batch_size,beam_size,wer,mer,wil,cer,untransformed_cer
large-v3-turbo,cpu,16,162.30680918693542,1,None,0.6623376623376623,0.6087533156498673,0.8079859318391429,0.6623376623376623,0.32169117647058826
large-v3,cpu,16,522.2434701919556,1,None,0.461038961038961,0.44282744282744285,0.6318945458645537,0.461038961038961,0.22487745098039216
large-v2,cpu,16,840.8734176158905,1,None,0.5613275613275613,0.544055944055944,0.7309536467431204,0.5613275613275613,0.32337622549019607
