Model,Device,num_threads,runtime,batch_size,beam_size,wer,mer,wil,cer,untransformed_cer
large-v3-turbo,cpu,16,92.965580701828,1,1,0.07585470085470085,0.0741901776384535,0.11345566578124722,0.07585470085470085,0.02722650483844514
large-v3,cpu,16,150.29494738578796,1,1,0.0673076923076923,0.06583072100313479,0.09737355667588221,0.0673076923076923,0.024438248318845335
large-v2,cpu,16,193.13266491889954,1,1,0.07051282051282051,0.06903765690376569,0.10448604893049351,0.07051282051282051,0.029358701000492045
