Model,Device,num_threads,runtime,batch_size,beam_size,wer,mer,wil,cer,untransformed_cer
large-v3-turbo,cpu,8,173.67387914657593,1,1,0.645021645021645,0.6152787336545079,0.8250928883201963,0.645021645021645,0.3212316176470588
large-v3,cpu,8,301.9375762939453,1,1,0.49278499278499277,0.4710344827586207,0.6689150249992684,0.49278499278499277,0.23544730392156862
large-v3,cpu,4,447.2149884700775,1,1,0.49278499278499277,0.4710344827586207,0.6689150249992684,0.49278499278499277,0.23544730392156862
large-v3,cpu,8,283.87325525283813,1,1,0.49278499278499277,0.4710344827586207,0.6689150249992684,0.49278499278499277,0.23544730392156862
