Model,Device,num_threads,runtime,batch_size,beam_size,wer,mer,wil,cer,untransformed_cer
large-v3-turbo,cpu,16,430.0154929161072,1,1,0.16346153846153846,0.16293929712460065,0.2448072522443232,0.16346153846153846,0.03247498769886829
large-v3,cpu,16,950.6085925102234,1,1,0.16773504273504272,0.16613756613756614,0.24355563352142595,0.16773504273504272,0.04887649663769067
