Model,Device,num_threads,runtime,batch_size,beam_size,wer,mer,wil,cer,untransformed_cer
deepdml_faster-whisper-large-v3-turbo-ct2,cpu,16,220.04065084457397,1,Default,0.6717171717171717,0.6219104876419506,0.8228834596650689,0.6717171717171717,0.32230392156862747
Systran_faster-whisper-large-v3,cpu,16,857.3213856220245,1,Default,0.4653679653679654,0.4436038514442916,0.6481307647477543,0.4653679653679654,0.19868259803921567
