Model,Device,num_threads,runtime,batch_size,beam_size,wer,mer,wil,cer,untransformed_cer
deepdml_faster-whisper-large-v3-turbo-ct2,cpu,16,120.60905003547668,1,Default,0.07905982905982906,0.07740585774058577,0.12051282051282053,0.07905982905982906,0.02870264064293915
Systran_faster-whisper-large-v3,cpu,16,420.8212695121765,1,Default,0.07158119658119658,0.0700836820083682,0.10649730927508705,0.07158119658119658,0.028538625553550925
deepdml_faster-whisper-large-v3-turbo-ct2,cpu,16,146.02040123939514,1,Default,0.06944444444444445,0.06799163179916318,0.10247252747252755,0.06944444444444445,0.02722650483844514
Systran_faster-whisper-large-v3,cpu,16,488.9549858570099,1,Default,0.06837606837606838,0.06701570680628273,0.1015217568448501,0.06837606837606838,0.02870264064293915
