name,wer,mer,wil,cer,untransformed_cer,time
A100 + insanely-fast-whisper + large-v3 (Transformers) (fp16 + batching [24] + Flash Attention 2),0.5959595959595959,0.5264499681325685,0.7281203059360056,0.5959595959595959,0.30943627450980393,8.290824
A100 + faster-whisper + large-v3,0.5,0.45652173913043476,0.6589781746031746,0.5,0.22564338235294118,63.661042
large-v3-turbo,0.6681096681096681,0.6480055983205039,0.8276240075106931,0.6681096681096681,0.3947610294117647,138.83681416511536
large-v3,0.461038961038961,0.44282744282744285,0.6318945458645537,0.461038961038961,0.22487745098039216,432.7811946868897
paraini,0.0,0.0,0.0,0.0,0.0,
